Date,AAPL,JPM,AMZN,GOOGL,NSRGY,^GSPC
2022/1/3,178.8799286,146.9958191,170.4044952,144.30159,129.724762,4796.560059
2022/1/4,176.6096344,152.5683899,167.5220032,143.7124329,130.0750275,4793.540039
2022/1/5,171.9118652,149.779129,164.3569946,137.1194458,125.6322784,4700.580078
2022/1/6,169.0420685,151.3703766,163.2539978,137.0920715,125.4479294,4696.049805
2022/1/7,169.209137,152.8701935,162.5540009,136.3650665,124.7197571,4677.029785
2022/1/10,169.2287903,153.0164795,161.4859924,138.0096741,121.6688156,4670.290039
2022/1/11,172.0691071,153.1719666,165.3619995,139.071106,121.9176865,4713.069824
2022/1/12,172.5113525,154.0407715,165.2070007,140.7575378,122.6919403,4726.350098
2022/1/13,169.2287903,153.8486938,161.2140045,137.927597,121.8900375,4659.029785
2022/1/14,170.0936737,144.3926392,162.1380005,138.8168182,122.1573334,4662.850098
2022/1/18,166.8798828,138.3385773,158.9174957,135.3508911,122.8394165,4577.109863
2022/1/19,163.3713074,136.1985931,156.298996,134.4735718,121.0696945,4532.759766
2022/1/20,161.6808777,135.0371704,151.6674957,132.6731873,121.1250076,4482.72998
2022/1/21,159.6169891,132.6777344,142.6430054,129.7312622,121.6780319,4397.939941
2022/1/24,158.8405457,132.5588074,144.5440063,130.1816101,119.7423935,4410.129883
2022/1/25,157.032196,134.0037537,139.9859924,126.3310165,118.4980545,4356.450195
2022/1/26,156.9437714,135.2749481,138.8724976,128.6180725,117.1799698,4349.930176
2022/1/27,156.4818115,132.8880463,139.6374969,128.3911743,116.8204956,4326.509766
2022/1/28,167.4007874,134.0769196,143.9779968,132.7164917,117.6408386,4431.850098
2022/1/31,171.7742615,135.8967896,149.5735016,134.6596832,119.0326614,4515.549805
2022/2/1,171.6072083,138.2288208,151.1934967,136.9890442,119.5857086,4546.540039
2022/2/2,172.8160248,137.1222382,150.6125031,147.2957916,120.9682999,4589.379883
2022/2/3,169.9265747,135.9882507,138.8455048,142.4091339,119.1156082,4477.439941
2022/2/4,169.6412048,139.5182953,157.6394958,142.6111908,118.9036179,4500.529785
2022/2/7,168.9228363,139.9846954,157.9355011,138.5386505,118.6916275,4483.870117
2022/2/8,172.0423279,142.6184845,161.4134979,138.7357178,117.8436203,4521.540039
2022/2/9,173.4691772,143.2129211,161.1894989,140.9182739,118.9036179,4587.180176
2022/2/10,169.3755188,142.6184845,159.0034943,137.9604187,116.9311066,4504.080078
2022/2/11,165.9510193,140.7619934,153.2935028,133.6435699,118.2399673,4418.640137
2022/2/14,166.1871796,139.4542694,155.1670074,134.8811493,117.0601501,4401.669922
2022/2/15,170.0348206,141.4936066,156.510498,135.9584961,117.6869278,4471.069824
2022/2/16,169.7986755,141.7496948,158.1004944,137.0826111,117.8897095,4475.009766
2022/2/17,166.1871796,138.4848785,154.6524963,131.9083557,117.7145844,4380.259766
2022/2/18,164.6323853,139.1341705,152.6015015,129.7825165,118.1754532,4348.870117
2022/2/22,161.6998749,138.8872681,150.1974945,129.1958313,118.4519577,4304.759766
2022/2/23,157.5176849,135.9790955,144.8269958,126.9809113,118.9404831,4225.5
2022/2/24,160.1450806,132.1930084,151.3580017,132.0596008,116.0278015,4288.700195
2022/2/25,162.2214355,135.3206787,153.7884979,133.8197174,118.3229218,4384.649902
2022/2/28,162.4871063,129.6781158,153.5630035,134.4143829,119.8530045,4373.939941
2022/3/1,160.5977631,124.7854156,151.1419983,133.4236145,120.2032623,4306.259766
2022/3/2,163.9041748,127.3735199,152.0525055,133.9311829,119.8437881,4386.540039
2022/3/3,163.5794373,126.468132,147.8984985,133.2623901,118.5625763,4363.490234
2022/3/4,160.5682678,122.9106827,145.6410065,131.2788391,117.0325012,4328.870117
2022/3/7,156.7599335,118.1643906,137.4530029,125.7771606,111.8892212,4201.089844
2022/3/8,154.9295654,117.3321686,136.0144958,126.4997025,109.8337631,4170.700195
2022/3/9,160.3517456,122.0327606,139.279007,132.7851563,115.1060715,4277.879883
2022/3/10,155.9924011,120.5878372,146.8175049,131.7993774,113.0598297,4259.52002
2022/3/11,152.2628021,117.8717117,145.5245056,129.2525482,110.608017,4204.310059
2022/3/14,148.218338,119.0422974,141.8529968,125.3516998,112.1473083,4173.109863
2022/3/15,152.6170807,121.1548233,147.3665009,128.583252,113.7879944,4262.450195
2022/3/16,157.0453186,126.5687256,153.1040039,132.6463165,113.9723434,4357.859863
2022/3/17,158.0588989,128.1691437,157.2389984,133.2021637,116.8297195,4411.669922
2022/3/18,161.3653259,128.1234131,161.2505035,135.4777832,120.0742264,4463.120117
2022/3/21,162.742981,127.7118912,161.4915009,135.4539032,118.6823959,4461.180176
2022/3/22,166.1281586,130.4279938,164.8890076,139.2024841,118.9681396,4511.609863
2022/3/23,167.4959717,127.8307877,163.4080048,137.6175537,117.2905807,4456.240234
2022/3/24,171.2944489,128.6629791,163.6495056,140.8983765,118.5349274,4520.160156
2022/3/25,171.9340973,129.7878113,164.7734985,140.9988861,117.9818802,4543.060059
2022/3/28,172.8000183,128.8276062,168.9904938,140.7824402,118.9957962,4575.52002
2022/3/29,176.1064606,129.1111145,169.3150024,141.8274231,119.7792664,4631.600098
2022/3/30,174.9354248,128.5258026,166.3009949,141.2631378,120.7009888,4602.450195
2022/3/31,171.8258362,124.6665573,162.9974976,138.4057922,119.9175262,4530.410156
2022/4/1,171.5305939,123.7428894,163.5599976,139.4836273,121.1342163,4545.859863
2022/4/4,175.5947418,124.2916183,168.3464966,142.291214,121.3369904,4582.640137
2022/4/5,172.2686615,122.8451691,164.0549927,139.9220428,122.2679443,4525.120117
2022/4/6,169.0901489,121.1408005,158.7559967,135.8982849,121.060463,4481.149902
2022/4/7,169.3951874,120.7722931,157.7845001,135.2419128,122.0835953,4500.209961
2022/4/8,167.3778839,122.9833755,154.460495,132.6533051,121.75177,4488.279785
2022/4/11,163.1070709,122.5319366,151.121994,128.2105408,124.8963623,4412.529785
2022/4/12,164.9866333,121.1868362,150.7875061,127.1068115,123.6698456,4397.450195
2022/4/13,167.6829681,117.2805786,155.5410004,129.2759399,124.7831268,4446.589844
2022/4/14,162.6544189,116.1934509,151.7064972,126.1270065,123.6792755,4392.589844
2022/4/18,162.4379425,118.3492889,152.7850037,127.0689926,123.0282822,4391.689941
2022/4/19,164.7307892,120.7999115,158.1154938,129.3903961,121.2168198,4462.209961
2022/4/20,164.5634918,121.2237244,153.9980011,127.4307556,121.3111725,4459.450195
2022/4/21,163.7664032,120.283989,148.2960052,124.2206039,120.4054489,4393.660156
2022/4/22,159.2102203,116.8291473,144.3500061,119.0662384,122.499939,4271.779785
2022/4/25,160.2828369,116.7922821,146.0740051,122.4883881,124.8020096,4296.120117
2022/4/26,154.2998047,113.3374329,139.3910065,118.085434,120.6507416,4175.200195
2022/4/27,154.0734863,111.8633728,138.1670074,113.7506638,121.8772507,4183.959961
2022/4/28,161.0307159,113.6322479,144.5964966,117.9585419,122.4716339,4287.5
2022/4/29,155.1362305,109.9655075,124.2815018,113.5665436,121.3677826,4131.930176
2022/5/2,155.44133,110.9697189,124.5,116.0282745,120.952652,4155.379883
2022/5/3,156.9370728,113.3466644,124.2535019,116.7756958,120.3394012,4175.47998
2022/5/4,163.3728027,117.0963135,125.9284973,121.6792526,120.7639618,4300.169922
2022/5/5,154.2702789,114.1665955,116.4069977,115.951149,119.3110199,4146.870117
2022/5/6,154.999527,113.9823532,114.7724991,115.195755,117.7448654,4123.339844
2022/5/9,149.8552094,112.2687378,108.7890015,111.9756546,114.2823334,3991.23999
2022/5/10,152.2696838,109.5324936,108.8590012,113.8506851,113.9521179,4001.050049
2022/5/11,144.375824,108.8415375,105.3720016,113.0619583,114.3766861,3935.179932
2022/5/12,140.492981,108.7493973,106.9304962,112.3070679,114.3106384,3930.080078
2022/5/13,144.9770355,109.7167587,113.0550003,115.4983063,115.59375,4023.889893
2022/5/16,143.4297791,108.9521027,110.8105011,113.900444,116.0654831,4008.01001
2022/5/17,147.0761261,112.5635529,115.3684998,115.9188004,116.2258835,4088.850098
2022/5/18,138.7782135,110.6380463,107.1125031,111.3670578,112.8482666,3923.679932
2022/5/19,135.3585052,108.9981537,107.3190002,109.8587723,110.2725906,3900.790039
2022/5/20,135.595047,108.1044922,107.5910034,108.3897934,109.9140778,3901.360107
2022/5/23,141.0349884,114.7930908,107.5569992,110.9575119,111.3575821,3973.75
2022/5/24,138.3248901,116.414566,104.0999985,105.4657745,113.2067795,3941.47998
2022/5/25,138.4825592,117.2252884,106.7750015,105.3015518,111.9330902,3978.72998
2022/5/26,141.695282,119.2521439,111.0774994,107.2796097,112.9331741,4057.840088
2022/5/27,147.4703217,120.9381256,115.1464996,111.782074,114.7068939,4158.240234
2022/5/31,146.6819153,121.822525,120.2095032,113.2206955,115.0654144,4132.149902
2022/6/1,146.5537872,119.6851501,121.6839981,113.3500748,112.5652161,4101.22998
2022/6/2,149.0175323,121.6106644,125.5110016,117.0628281,113.6785126,4176.819824
2022/6/3,143.2720795,119.9154739,122.3499985,113.9959869,112.3670883,4108.540039
2022/6/6,144.0210571,119.5193176,124.7900009,116.2646408,112.0085754,4121.430176
2022/6/7,146.5537872,119.8325653,123,116.5920792,110.4801559,4160.680176
2022/6/8,145.8146973,117.9254837,121.1800003,116.6363678,107.8478699,4115.77002
2022/6/9,140.5718536,115.447197,116.1500015,114.289093,105.3288193,4017.820068
2022/6/10,135.1417084,110.1405563,109.6500015,110.6325684,104.772171,3900.860107
2022/6/13,129.9678192,106.8607559,103.6699982,105.886261,104.1023026,3749.629883
2022/6/14,130.8350677,105.0826569,102.3099976,106.2077255,101.9606323,3735.47998
2022/6/15,133.4663391,106.326416,107.6699982,109.242218,102.02668,3789.98999
2022/6/16,128.1742096,104.5022583,103.6600037,105.5289764,103.0739212,3666.77002
2022/6/17,129.6524658,104.133728,106.2200012,106.6336823,103.0833588,3674.840088
2022/6/21,133.8999786,106.7133484,108.6800003,111.0132523,104.772171,3764.790039
2022/6/22,133.3875122,106.1145096,108.9499969,110.957016,107.2817993,3759.889893
2022/6/23,136.2651672,104.9536819,112.4400024,111.7079239,106.9610214,3795.72998
2022/6/24,139.6060333,108.0860672,116.4599991,117.4136505,110.2631531,3911.73999
2022/6/27,139.6060333,107.2200699,113.2200012,115.2823486,110.8764038,3900.110107
2022/6/28,135.4472046,106.7041321,107.4000015,111.4745407,108.168663,3821.550049
2022/6/29,137.2112732,106.2250748,108.9199982,111.1699982,110.7254562,3818.830078
2022/6/30,134.7376251,103.7467957,106.2099991,108.4445267,109.8102875,3785.379883
2022/7/1,136.9156036,105.0734482,109.5599976,108.220108,111.329277,3825.330078
2022/7/5,139.5074768,104.67379,113.5,112.7240753,110.8386765,3831.389893
2022/7/6,140.8477478,103.9952774,114.3300018,114.0268402,111.7161026,3845.080078
2022/7/7,144.2280273,106.6256256,116.3300018,118.2177963,110.9896317,3902.620117
2022/7/8,144.9080353,106.2910156,115.5400009,118.7855911,110.4990234,3899.379883
2022/7/11,142.7694855,104.8968506,111.75,115.126091,110.6688538,3854.429932
2022/7/12,143.7451172,104.9990921,109.2200012,113.4779739,110.6216812,3818.800049
2022/7/13,143.3804932,104.0138779,110.4000015,110.8236618,109.9801102,3801.780029
2022/7/14,146.317276,100.3797684,110.6299973,109.8423538,108.7724762,3790.379883
2022/7/15,147.9926453,104.9804916,113.5500031,111.245636,110.9141464,3863.159912
2022/7/18,144.9376068,103.9023514,113.7600021,108.5112076,110.3386307,3830.850098
2022/7/19,148.8105927,106.4769058,118.2099991,113.2684708,112.2255707,3936.689941
2022/7/20,150.8210297,106.4583206,122.7699966,113.3580399,110.1499405,3959.899902
2022/7/21,153.0975494,107.1832886,124.6299973,113.7959442,112.3953934,3998.949951
2022/7/22,151.8557892,106.662796,122.4199982,107.3865891,113.6219025,3961.629883
2022/7/25,150.7323303,107.0903473,121.1399994,106.9984436,114.4144135,3966.840088
2022/7/26,149.4019012,105.4173355,114.8099976,104.5202866,115.0842819,3921.050049
2022/7/27,154.5166168,107.1089325,120.9700012,112.5220337,116.3768234,4023.610107
2022/7/28,155.0685272,106.7092667,122.2799988,113.6765213,116.2730484,4072.429932
2022/7/29,160.1536865,107.2204514,134.9499969,115.7665253,115.9145279,4130.290039
2022/8/1,159.1681824,106.1515884,135.3899994,114.3134766,116.7070389,4118.629883
2022/8/2,157.6899414,104.4971924,134.1600037,114.5821838,115.178627,4091.189941
2022/8/3,163.7212524,105.5939255,139.5200043,117.5181503,114.772934,4155.169922
2022/8/4,163.4058838,104.4321289,142.5700073,117.6276321,115.3484573,4151.939941
2022/8/5,163.178894,107.5922546,140.8000031,116.9110565,113.7351227,4145.189941
2022/8/8,162.7051849,106.2817154,139.4100037,116.7418671,113.8483353,4140.060059
2022/8/9,162.7545166,107.2390518,137.8300018,116.0750427,113.9521179,4122.470215
2022/8/10,167.0178375,110.0366745,142.6900024,119.1304398,114.4804535,4210.240234
2022/8/11,166.2776642,111.6631927,140.6399994,118.2745285,115.0842819,4207.27002
2022/8/12,169.8402863,113.5127792,143.5500031,121.1010208,115.0937119,4280.149902
2022/8/15,170.9159393,113.8194885,143.1799927,121.4991226,115.6503601,4297.140137
2022/8/16,170.7580566,114.9069443,144.7799988,121.1209259,114.8201065,4305.200195
2022/8/17,172.2580719,113.9403076,142.1000061,118.9811554,115.7069702,4274.040039
2022/8/18,171.8633423,113.0573502,142.3000031,119.5982056,115.2635345,4283.740234
2022/8/19,169.2678986,110.2597275,138.2299957,116.6522903,115.556015,4228.47998
2022/8/22,165.3697357,108.4380264,133.2200012,113.6964188,114.2917633,4137.990234
2022/8/23,165.0341949,107.3691559,133.6199951,113.3182297,112.8482666,4128.72998
2022/8/24,165.3302612,107.6294098,133.8000031,113.1490479,113.3388596,4140.77002
2022/8/25,167.7974243,110.1853867,137.2799988,116.0949554,114.697464,4199.120117
2022/8/26,161.4716187,106.5791473,130.75,109.8149796,112.2727432,4057.659912
2022/8/29,159.2610321,106.3189087,129.7899933,108.8993607,112.6029587,4030.610107
2022/8/30,156.8234406,106.3374939,128.7299957,108.4216461,111.0462265,3986.159912
2022/8/31,155.1556396,105.7054749,126.7699966,107.7050705,110.4424133,3955
2022/9/1,155.8859406,106.4304352,127.8199997,109.2178345,109.1970291,3966.850098
2022/9/2,153.7641449,105.686882,127.5100021,107.3368225,107.5082245,3924.26001
2022/9/6,152.5009308,105.7147522,126.1100006,106.3017654,107.0270615,3908.189941
2022/9/7,153.9121704,107.7223587,129.4799957,108.9292145,107.6969299,3979.870117
2022/9/8,152.4318695,110.2318573,129.8200073,107.8643036,107.0647964,4006.179932
2022/9/9,155.3036652,110.7616272,133.2700043,110.1235046,110.0272903,4067.360107
2022/9/12,161.2840881,112.0721664,136.4499969,110.3325043,110.4141083,4110.410156
2022/9/13,151.8200073,108.1777878,126.8199997,103.8236237,108.8479538,3932.689941
2022/9/14,153.2707062,107.9268341,128.5500031,104.5003891,107.074234,3946.01001
2022/9/15,150.3693237,109.55336,126.2799988,102.4203415,106.2439804,3901.350098
2022/9/16,148.7212372,108.8191071,123.5299988,102.3108597,104.6778183,3873.330078
2022/9/19,152.4516144,109.8228989,124.6600037,102.5795746,105.5929871,3899.889893
2022/9/20,154.8398438,107.6572876,122.1900024,100.6587524,103.7532272,3855.929932
2022/9/21,151.7015991,104.5529633,118.5400009,98.80760193,102.7531509,3789.929932
2022/9/22,150.7344666,103.3632736,117.3099976,99.66350555,103.3664017,3757.98999
2022/9/23,148.4548035,101.4393234,113.7799988,98.27017975,102.7059708,3693.22998
2022/9/26,148.790329,99.25512695,115.1500015,97.70288086,101.0926437,3655.040039
2022/9/27,149.767334,98.38146973,114.4100037,97.03607178,100.4888229,3647.290039
2022/9/28,147.8725433,100.3704605,118.0100021,99.57395172,102.5361481,3719.040039
2022/9/29,140.6091766,98.66959381,114.8000031,96.95645142,102.6399307,3640.469971
2022/9/30,136.3853455,97.12671661,113,95.19487762,101.5266418,3585.620117
2022/10/3,140.5795593,100.1288147,115.8799973,98.1706543,101.4228592,3678.429932
2022/10/4,144.1816559,104.8132019,121.0899963,101.1563721,103.4701843,3790.929932
2022/10/5,144.4777069,103.519104,120.9499969,100.9473724,102.7342834,3783.280029
2022/10/6,143.5204468,101.4091263,120.3000031,100.9374161,100.7718582,3744.52002
2022/10/7,138.2505493,99.38360596,114.5599976,98.21046448,100.1491776,3639.659912
2022/10/10,138.5761871,98.45519257,113.6699982,97.3943634,99.81896973,3612.389893
2022/10/11,137.1551361,95.61379242,112.2099991,96.71759796,99.4415741,3588.840088
2022/10/12,136.5235138,97.16109467,112.9000015,97.09578705,100.20578,3577.030029
2022/10/13,141.1124878,102.5625763,112.5299988,98.58865356,99.4415741,3669.909912
2022/10/14,136.5630035,104.2693024,106.9000015,96.10054016,98.42263031,3583.070068
2022/10/17,140.5401001,108.6486206,113.7900009,99.49432373,101.2435989,3677.949951
2022/10/18,141.8625031,111.4431534,116.3600006,100.2905197,102.4135056,3719.97998
2022/10/19,141.9710693,109.2581787,115.0699997,99.15593719,100.0831375,3695.159912
2022/10/20,141.5072174,108.901825,115.25,99.49432373,99.25287628,3665.780029
2022/10/21,145.3363037,114.6221542,119.3199997,100.6488037,99.85669708,3752.75
2022/10/24,147.4876556,114.7628021,119.8199997,102.0321884,101.0737762,3797.340088
2022/10/25,150.3397217,115.0628967,120.5999985,103.9828644,102.5738907,3859.110107
2022/10/26,147.3889771,116.3851395,115.6600037,94.478302,103.3097916,3830.600098
2022/10/27,142.8987274,116.844635,110.9599991,91.78119659,100.6586533,3807.300049
2022/10/28,153.6950836,118.2325211,103.4100037,95.83183289,102.5455856,3901.060059
2022/10/31,151.3265686,118.0449677,102.4400024,94.06030273,102.5644531,3871.97998
2022/11/1,148.6719055,120.1736679,96.79000092,90.03952789,102.3380203,3856.100098
2022/11/2,143.1256866,119.0671234,92.12000275,86.55617523,101.9606323,3759.689941
2022/11/3,137.0564728,119.2828064,89.30000305,83.03302765,100.5265656,3719.889893
2022/11/4,136.7895355,122.5462036,90.98000336,86.16804504,102.8946609,3770.550049
2022/11/7,137.323349,123.1932678,90.52999878,88.06894684,102.5644531,3806.800049
2022/11/8,137.896698,123.2682648,89.98000336,88.47699738,102.9701462,3828.110107
2022/11/9,133.3198853,121.6647339,86.13999939,86.90451813,103.7909622,3748.570068
2022/11/10,145.1819611,126.6723557,96.62999725,93.4930191,107.2723618,3956.370117
2022/11/11,147.9794312,126.8786392,100.7900009,95.95126343,108.310173,3992.929932
2022/11/14,146.5757446,125.5751724,98.48999786,95.24463654,107.82901,3957.25
2022/11/15,148.3155365,124.6655273,98.94000244,97.97161102,107.2723618,3991.72998
2022/11/16,147.0799103,124.834343,97.12000275,98.37965393,108.0271378,3958.790039
2022/11/17,148.9877319,124.2904358,94.84999847,97.89198303,108.8102188,3946.560059
2022/11/18,149.551178,125.5095139,94.13999939,96.96640778,109.6593399,3965.340088
2022/11/21,146.3088837,124.7686844,92.45999908,95.14511871,110.7914963,3949.939941
2022/11/22,148.4539337,126.6348343,93.19999695,96.58821869,111.3953171,4003.580078
2022/11/23,149.3337097,127.985199,94.12999725,97.99150848,112.536911,4027.26001
2022/11/25,146.4077301,128.2290344,93.41000366,96.9962616,112.5274734,4026.120117
2022/11/28,142.562439,125.9878006,93.94999695,95.59297943,112.6501312,3963.939941
2022/11/29,139.5474701,128.0602264,92.41999817,94.73706818,110.5084534,3957.629883
2022/11/30,146.3286438,129.5793762,96.54000092,100.5094757,112.2633057,4080.110107
2022/12/1,146.605423,127.7601318,95.5,100.5094757,113.8011627,4076.570068
2022/12/2,146.1111755,126.7473679,94.12999725,99.96208191,113.5181198,4071.699951
2022/12/5,144.9447174,123.1932678,91.01000214,99.0066452,110.8292389,3998.840088
2022/12/6,141.2674866,123.399559,88.25,96.51855469,110.8481064,3941.26001
2022/12/7,139.3201141,123.3151779,88.45999908,94.48826599,109.6310272,3933.919922
2022/12/8,141.0104675,124.6092834,90.34999847,93.26409912,110.2725906,3963.51001
2022/12/9,140.5261078,123.9340973,89.08999634,92.38830566,109.9895477,3934.379883
2022/12/12,142.8293457,125.8564987,90.55000305,92.86600494,110.4235458,3990.560059
2022/12/13,143.7980804,125.734581,92.48999786,95.17497253,110.8292389,4019.649902
2022/12/14,141.5640564,125.1062851,91.58000183,94.61763763,113.3860397,3995.320068
2022/12/15,134.9311523,122.0023041,88.44999695,90.42766571,109.3762894,3895.75
2022/12/16,132.9640503,121.2427139,87.86000061,89.83052826,108.310173,3852.360107
2022/12/19,130.8486176,121.9647827,84.91999817,88.01918793,109.1876068,3817.659912
2022/12/20,130.7794037,122.5555801,85.19000244,88.59642029,108.6969986,3821.620117
2022/12/21,133.8932037,123.9340973,86.76999664,89.15376282,109.9989853,3878.439941
2022/12/22,130.7102051,122.5274658,83.79000092,87.34241486,109.5838623,3822.389893
2022/12/23,130.3444824,123.1088715,85.25,88.80542755,109.102684,3844.820068
2022/12/27,128.5355225,123.5402451,83.04000092,86.97418213,109.442337,3829.25
2022/12/28,124.5913849,124.2154388,81.81999969,85.61070251,109.1781693,3783.219971
2022/12/29,128.1203766,124.9281235,84.18000031,88.02913666,110.3386307,3849.280029
2022/12/30,128.436676,125.753334,84,87.81018829,108.8196411,3839.5
2023/1/3,123.6325302,126.7098541,85.81999969,88.69595337,110.1216354,3824.139893
2023/1/4,124.9077072,127.8914337,85.13999939,87.6608963,112.2727432,3852.969971
2023/1/5,123.5830917,127.8630905,83.12000275,85.78984833,111.2820969,3808.100098
2023/1/6,128.1302338,130.3098297,86.08000183,86.92441559,112.9237442,3895.080078
2023/1/9,128.654129,129.7713623,87.36000061,87.6011734,113.6596451,3892.090088
2023/1/10,129.2274475,130.9333038,89.87000275,87.99927521,114.1313782,3919.25
2023/1/11,131.9557648,131.9063416,95.08999634,91.08452606,114.772934,3969.610107
2023/1/12,131.8766937,131.7741089,95.26999664,90.69638062,115.3107071,3983.169922
2023/1/13,133.2111511,135.09935,98.12000275,91.68167877,116.2258835,3999.090088
2023/1/17,134.377594,133.0116272,96.05000305,90.85562897,117.037262,3990.969971
2023/1/18,133.6560059,129.0156403,95.45999908,90.68643188,115.3390198,3928.860107
2023/1/19,133.7153015,127.2962723,93.68000031,92.60725403,115.6881027,3898.850098
2023/1/20,136.2854156,127.6080093,97.25,97.5535965,115.2635345,3972.610107
2023/1/23,139.4881744,129.6768951,97.51999664,99.31518555,115.5371475,4019.810059
2023/1/24,140.8918457,130.7915955,96.31999969,97.23512268,115.0465393,4016.949951
2023/1/25,140.2295532,131.4245453,97.18000031,94.76692963,115.9522781,4016.219971
2023/1/26,142.3054352,132.2369843,99.22000122,97.05597687,112.7067413,4060.429932
2023/1/27,144.2527771,132.5581665,102.2399979,98.89717865,111.9991379,4070.560059
2023/1/30,141.3564606,131.4339905,100.5500031,96.47874451,112.9520416,4017.77002
2023/1/31,142.6316376,132.2180786,103.1299973,98.36969757,115.3107071,4076.600098
2023/2/1,143.7585297,131.8685303,105.1500015,99.95214081,115.7352676,4119.209961
2023/2/2,149.0865784,131.2544861,112.9100037,107.227356,113.225647,4179.759766
2023/2/3,152.7242737,133.2855682,103.3899994,104.2814331,113.904953,4136.47998
2023/2/6,149.9861145,134.0696411,102.1800003,102.4103851,113.4426422,4111.080078
2023/2/7,152.8725739,135.7039642,102.1100006,107.1278305,112.9520416,4164
2023/2/8,150.1739349,134.7498474,100.0500031,98.89717865,113.1879044,4117.859863
2023/2/9,149.1359711,132.6526337,98.23999786,94.55792236,111.1783218,4081.5
2023/2/10,149.5023193,133.2383423,97.61000061,94.12001038,111.9897003,4090.459961
2023/2/13,152.3139954,134.6837006,99.54000092,94.15982056,113.8860703,4137.290039
2023/2/14,151.6704254,135.2788544,99.69999695,94.22949982,114.1408157,4136.129883
2023/2/15,153.7791901,135.8456726,101.1600037,96.47874451,113.3860397,4147.600098
2023/2/16,152.1753693,133.9751892,98.15000153,95.05554199,110.0084229,4090.409912
2023/2/17,151.0269318,134.3719635,97.19999695,93.90105438,111.8953552,4079.090088
2023/2/21,146.9975739,131.9063416,94.58000183,91.3532486,111.640625,3997.340088
2023/2/22,147.4233093,130.8955078,95.79000092,91.21391296,111.8104477,3991.050049
2023/2/23,147.9083862,131.9441071,95.81999969,90.45752716,110.1876831,4012.320068
2023/2/24,145.2452393,133.1344299,93.5,88.70589447,108.7819138,3970.040039
2023/2/27,146.443161,134.2964172,93.76000214,89.44238281,109.2159119,3982.23999
2023/2/28,145.9382629,135.420578,94.23000336,89.63147736,106.1590652,3970.149902
2023/3/1,143.8592224,134.6648254,92.16999817,89.93005371,106.0458527,3951.389893
2023/3/2,144.4532318,133.2666626,92.12999725,91.56224823,108.0177002,3981.350098
2023/3/3,149.5220947,135.7134399,94.90000153,93.20439148,108.4233932,4045.639893
2023/3/6,152.2941437,134.9198761,93.75,94.67734528,106.2062454,4048.419922
2023/3/7,150.0864258,130.9521942,93.55000305,93.41339874,105.1778641,3986.370117
2023/3/8,151.34375,130.1775513,93.91999817,93.80153656,105.5835571,3992.01001
2023/3/9,149.0865021,123.1302109,92.25,91.88072205,105.7911148,3918.320068
2023/3/10,147.017395,126.2571259,90.73000336,90.19876099,107.2440491,3861.590088
2023/3/13,148.9676971,123.9898758,92.43000031,90.67648315,110.0084229,3855.76001
2023/3/14,151.0665283,127.1734619,94.87999725,93.5228653,110.5650711,3919.290039
2023/3/15,151.4625244,121.1652603,96.19999695,95.65268707,109.3008194,3891.929932
2023/3/16,154.2939758,123.5175247,100.0400009,99.84265137,111.5274048,3960.280029
2023/3/17,153.4524536,118.8507843,98.94999695,101.1364746,111.0556641,3916.639893
2023/3/20,155.8285217,120.1072311,97.70999908,100.7383728,110.9141464,3951.570068
2023/3/21,157.6897278,123.3286057,100.6100006,104.4207687,110.5178909,4002.870117
2023/3/22,156.2542114,120.1450195,98.69999695,102.8781509,111.8293152,3936.969971
2023/3/23,157.3432159,119.8238144,98.70999908,105.0975342,112.3293533,3948.719971
2023/3/24,158.6500549,118.0005875,98.12999725,104.9383011,112.838829,3970.98999
2023/3/27,156.699707,121.3825531,98.04000092,101.9724731,113.0746918,3977.530029
2023/3/28,156.0760193,121.7509766,97.23999786,100.5492859,113.0369568,3971.27002
2023/3/29,159.1648712,121.996582,100.25,100.9075699,114.8861542,4027.810059
2023/3/30,160.7389984,121.6281738,102,100.4099503,114.0653305,4050.830078
2023/3/31,163.2536163,123.1018677,103.2900009,103.2364426,114.8106766,4109.310059
2023/4/3,164.5109711,122.9601669,102.4100037,103.8634338,116.0466232,4124.509766
2023/4/4,163.9763641,121.3164215,103.9499969,104.2217178,115.5843277,4100.600098
2023/4/5,162.1249847,121.4973068,101.0999985,103.9729233,117.3674774,4090.379883
2023/4/6,163.016037,121.3640289,102.0599976,107.9041138,118.6411591,4105.02002
2023/4/10,160.412262,121.7639084,102.1699982,105.9335403,118.1411133,4109.109863
2023/4/11,159.1945648,122.3637314,99.91999817,104.8487244,118.2543335,4108.939941
2023/4/12,158.5015564,122.3446732,97.83000183,104.1420975,118.4713287,4091.949951
2023/4/13,163.9070435,122.8112106,102.4000015,106.9188232,118.8487167,4146.220215
2023/4/14,163.5605469,132.0846558,102.5100021,108.3519745,118.9713669,4137.640137
2023/4/17,163.5803223,133.1319885,102.7399979,105.4657745,119.1600647,4151.319824
2023/4/18,164.8079681,134.6267395,102.3000031,104.0027618,119.7261429,4154.870117
2023/4/19,165.9563904,134.455368,104.3000031,103.684288,119.782753,4154.52002
2023/4/20,164.986145,134.0650177,103.8099976,104.7890091,120.7639618,4129.790039
2023/4/21,163.3724365,133.8079681,106.9599991,104.9084473,122.1319809,4133.52002
2023/4/24,163.6793518,133.9888458,106.2099991,105.4657745,125.1363449,4137.040039
2023/4/25,162.134903,131.0754395,102.5699997,103.3558655,124.5946732,4071.629883
2023/4/26,162.1249847,128.7522888,104.9800034,103.2165298,124.4979553,4055.98999
2023/4/27,166.7285919,130.4851379,109.8199997,107.0780563,123.3468857,4135.350098
2023/4/28,167.9859009,131.6181335,105.4499969,106.8292542,124.0626678,4169.47998
2023/5/1,167.8968048,134.4363403,102.0500031,106.6899185,123.6177292,4167.870117
2023/5/2,166.8572845,132.2655334,103.6299973,104.8188629,124.6140213,4119.580078
2023/5/3,165.778183,129.4663696,103.6500015,104.9084473,126.3261032,4090.75
2023/5/4,164.1347198,127.6954803,104,104.1918716,126.122963,4061.219971
2023/5/5,171.8370667,130.1899872,105.6600037,105.0676804,126.422821,4136.25
2023/5/8,171.7677765,130.5041809,105.8300018,107.2572021,126.5292206,4138.120117
2023/5/9,170.0550537,129.8757782,106.6200027,106.8392029,126.3357697,4119.169922
2023/5/10,171.8271637,129.9424286,110.1900024,111.2182693,124.3915482,4137.640137
2023/5/11,172.015274,129.53302,112.1800003,116.0153351,124.7010727,4130.620117
2023/5/12,171.0833893,127.6764374,110.2600021,116.9508667,124.0626678,4124.080078
2023/5/15,170.5876923,128.7522888,111.1999969,115.9556274,124.082016,4136.279785
2023/5/16,170.5876923,127.88591,113.4000015,118.9413452,123.3759079,4109.899902
2023/5/17,171.2023163,131.8180542,115.5,120.2650146,122.1087723,4158.77002
2023/5/18,173.5419922,132.8177643,118.1500015,122.2455521,122.0217209,4198.049805
2023/5/19,173.6510315,132.513092,116.25,122.1758804,122.4763412,4191.97998
2023/5/22,172.6993256,131.4181976,115.0100021,124.4549942,121.257576,4192.629883
2023/5/23,170.0820618,130.0471649,114.9899979,121.9768295,120.4740829,4145.580078
2023/5/24,170.3596191,128.8570557,116.75,120.3247299,119.622879,4115.240234
2023/5/25,171.4997559,129.1712189,115,122.8924561,119.1972809,4151.279785
2023/5/26,173.9187317,130.3803864,120.1100006,124.0170822,119.903389,4205.450195
2023/5/30,175.772644,130.875473,121.6600037,123.0815506,115.8311615,4205.52002
2023/5/31,175.7230377,129.2093201,120.5800018,122.2853622,114.8445435,4179.830078
2023/6/1,178.5385742,130.9897461,122.7699966,123.1313171,116.1890564,4221.02002
2023/6/2,179.3911743,133.741333,124.25,124.0767975,116.7210541,4282.370117
2023/6/5,178.0329742,132.4273987,125.3000031,125.4104309,115.6763916,4273.790039
2023/6/6,177.666153,132.6654358,126.6100006,126.7042313,116.0342865,4283.850098
2023/6/7,176.288147,133.9507599,121.2300034,121.9171143,114.2448349,4267.52002
2023/6/8,179.0144501,133.9888458,124.25,121.5588303,115.2991562,4293.930176
2023/6/9,179.4010925,134.2554321,123.4300003,121.6484146,114.8542099,4298.859863
2023/6/12,182.2067261,134.2459106,126.5699997,123.0516891,114.2061386,4338.930176
2023/6/13,181.730835,135.2170715,126.6600037,123.240799,113.88694,4369.009766
2023/6/14,182.3653107,134.7124634,126.4199982,123.0815506,114.1481094,4372.589844
2023/6/15,184.4075775,136.2357941,127.1100006,124.4947968,117.1563339,4425.839844
2023/6/16,183.3269653,136.3976288,125.4899979,122.9422226,116.9048386,4409.589844
2023/6/20,183.4161987,135.7026215,125.7799988,122.5142593,115.4539261,4388.709961
2023/6/21,182.3752747,135.5027008,124.8300018,119.9764023,116.9241791,4365.689941
2023/6/22,185.3890533,132.8939362,130.1499939,122.5640259,117.2143631,4381.890137
2023/6/23,185.0718079,132.1988983,129.3300018,121.7578812,117.0402527,4348.330078
2023/6/26,183.6739655,132.5226288,127.3300018,117.7769089,116.9435272,4328.819824
2023/6/27,186.4399109,132.5321503,129.1799927,117.7669601,116.9435272,4378.410156
2023/6/28,187.6196594,131.9513397,129.0399933,119.6081619,115.3475266,4376.859863
2023/6/29,187.9567413,136.5595245,127.9000015,118.5332947,115.1734161,4396.439941
2023/6/30,192.2990265,138.4732361,130.3600006,119.1304398,116.4115295,4450.379883
2023/7/3,190.8020325,139.587204,130.2200012,119.3294983,116.4889069,4455.589844
2023/7/5,189.681778,138.6573334,130.3800049,121.1706924,115.1540756,4446.819824
2023/7/6,190.157608,137.2864838,128.3600006,119.5384903,114.4286194,4411.589844
2023/7/7,189.0373535,138.3697052,129.7799988,118.9114914,113.6064301,4398.950195
2023/7/10,186.9851837,139.146225,127.1299973,115.8959045,114.9315948,4409.529785
2023/7/11,186.4597626,141.3223114,128.7799988,116.5826263,115.4152374,4439.259766
2023/7/12,188.1351929,142.0221252,130.8000031,118.3641052,116.5662918,4472.160156
2023/7/13,188.8985596,142.712326,134.3000031,123.9474182,118.558876,4510.040039
2023/7/14,189.047287,143.575119,134.6799927,124.8232193,118.2106552,4505.419922
2023/7/17,192.3188477,147.0358124,133.5599976,124.0568924,117.5529099,4522.790039
2023/7/18,192.0610809,147.304245,132.8300018,123.1711273,117.5529099,4554.97998
2023/7/19,193.419281,147.869812,135.3600006,121.4493561,118.2203293,4565.720215
2023/7/20,191.4662323,149.6912384,129.9600067,118.6328201,116.3631668,4534.870117
2023/7/21,190.286499,148.540863,130,119.4489212,116.7500687,4536.339844
2023/7/24,191.0895081,151.4646912,128.8000031,120.9517365,116.5276031,4554.640137
2023/7/25,191.9520264,150.3335266,129.1300049,121.6285019,117.0112381,4567.459961
2023/7/26,192.8244476,151.2346344,128.1499939,128.6549072,117.9785156,4566.75
2023/7/27,191.5554962,149.5666199,128.25,128.7842865,119.4777832,4537.410156
2023/7/28,194.1430206,150.4197998,132.2100067,131.9491577,119.1682587,4582.22998
2023/7/31,194.7576447,151.4263763,133.6799927,132.0884857,118.8780823,4588.959961
2023/8/1,193.9248657,150.6786194,131.6900024,130.924057,117.9011307,4576.72998
2023/8/2,190.9209747,148.9722443,128.2100067,127.7691422,118.1816406,4513.390137
2023/8/3,189.5231171,149.8829803,128.9100037,127.8388062,116.5759583,4501.890137
2023/8/4,180.4222107,149.5666199,139.5700073,127.5004272,115.0573425,4478.029785
2023/8/7,177.3092804,150.276001,142.2200012,130.9041595,115.5603256,4518.439941
2023/8/8,178.2510834,149.4324036,139.9400024,130.7747498,114.9412689,4499.379883
2023/8/9,176.6549377,147.4288177,137.8500061,129.043045,114.9412689,4467.709961
2023/8/10,176.4368439,147.2083435,138.5599976,129.0729218,115.8408356,4468.830078
2023/8/11,176.4963989,148.0615234,138.4100037,128.9435272,115.241127,4464.049805
2023/8/14,178.1542816,148.3683014,140.5700073,130.7051086,114.6220703,4489.720215
2023/8/15,176.1588745,144.5912781,137.6699982,129.1624756,113.2195206,4437.859863
2023/8/16,175.2853088,143.9777527,135.0700073,128.0876007,113.9546509,4404.330078
2023/8/17,172.7339935,142.482254,133.9799957,129.3018188,113.4903564,4370.359863
2023/8/18,173.2204437,142.8082123,133.2200012,126.8535156,113.7805405,4369.709961
2023/8/21,174.5606079,143.2971039,134.6799927,127.7591858,114.7961807,4399.77002
2023/8/22,175.9404907,140.3253326,134.25,128.4658051,114.3512344,4387.549805
2023/8/23,179.8021851,141.2743988,135.5200043,131.7401581,115.5119629,4436.009766
2023/8/24,175.0966797,141.1401672,131.8399963,129.1624756,115.2991562,4376.310059
2023/8/25,177.3104553,140.9676514,133.2599945,129.2620087,116.3728333,4405.709961
2023/8/28,178.878952,141.4565277,133.1399994,130.3866272,116.8468018,4433.310059
2023/8/29,182.7803497,142.6068878,134.9100037,133.9296875,118.0462265,4497.629883
2023/8/30,186.284668,142.0317078,135.0700073,135.2334595,117.0982895,4514.870117
2023/8/31,186.503067,140.2774048,138.0099945,135.5220642,116.1987228,4507.660156
2023/9/1,188.0814819,140.7471466,138.1199951,135.0144958,114.9993057,4515.77002
2023/9/5,188.3197632,139.1941223,137.2700043,135.1239777,112.6681747,4496.830078
2023/9/6,181.5791473,138.9640808,135.3600006,133.8202209,112.8616257,4465.47998
2023/9/7,176.2680969,137.7753601,137.8500061,134.616394,113.7031631,4451.140137
2023/9/8,176.8835754,137.8808289,138.2299957,135.7310791,114.0417023,4457.490234
2023/9/11,178.0549927,138.4847717,143.1000061,136.2685089,115.3378525,4487.459961
2023/9/12,175.0172424,140.2869873,141.2299957,134.6960144,113.7225037,4461.899902
2023/9/13,172.9424744,140.3540802,144.8500061,136.0595245,112.7455521,4467.439941
2023/9/14,174.4613342,143.0766296,144.7200012,137.4429016,113.3646088,4505.100098
2023/9/15,173.7366333,142.6548157,140.3899994,136.7462158,113.5483932,4450.319824
2023/9/18,176.6750946,142.9520111,139.9799957,137.5523682,113.8675995,4453.529785
2023/9/19,177.7671051,142.7698517,137.6300049,137.3831787,113.8482437,4443.950195
2023/9/20,174.21315,142.1659393,135.2899933,133.103653,114.8832321,4402.200195
2023/9/21,172.6644897,141.0539093,129.3300018,129.8193512,114.8832321,4330
2023/9/22,173.518219,139.7022095,129.1199951,129.630249,113.9256287,4320.060059
2023/9/25,174.7988434,140.3924408,131.2700043,130.486145,113.4129791,4337.439941
2023/9/26,170.7088318,138.935318,125.9800034,127.958252,111.4784241,4273.529785
2023/9/27,169.1899719,139.7501373,125.9800034,129.9188538,108.4798737,4274.509766
2023/9/28,169.4480743,141.4852905,125.9800034,131.6804352,108.5765991,4299.700195
2023/9/29,169.9643097,139.0215912,127.1200027,130.2373352,109.4664917,4288.049805
2023/10/2,172.4858093,137.8233032,129.4600067,133.5315704,108.1219788,4288.390137
2023/10/3,171.1456146,136.8071442,124.7200012,131.7998657,107.493248,4229.450195
2023/10/4,172.3964539,137.4206543,127,134.5965118,108.7216949,4263.75
2023/10/5,173.6373596,138.0000763,125.9599991,134.4273224,108.64431,4258.189941
2023/10/6,176.1986084,140.124649,127.9599991,136.9253693,107.2611084,4308.5
2023/10/9,177.6876984,139.8059845,128.2599945,137.7613678,108.9248199,4335.660156
2023/10/10,177.092041,140.6557922,129.4799957,137.4030762,110.1532593,4358.240234
2023/10/11,178.4917908,141.1386566,131.8300018,139.8812408,112.6391525,4376.950195
2023/10/12,179.3951721,140.810318,132.3300018,138.3087463,109.9598083,4349.609863
2023/10/13,177.5487061,142.9252319,129.7899933,136.7064209,110.5208282,4327.779785
2023/10/16,177.419632,142.7803802,132.5500031,138.4381409,110.2306366,4373.629883
2023/10/17,175.8610535,142.471344,131.4700012,139.0551758,110.2693329,4373.200195
2023/10/18,174.5606079,140.9068909,128.1300049,137.3035736,109.3600922,4314.600098
2023/10/19,174.1833801,140.308136,128.3999939,137.0945587,106.2648163,4278
2023/10/20,171.6221466,138.0483704,125.1699982,134.9547882,106.2164459,4224.160156
2023/10/23,171.741272,136.1652374,126.5599976,135.8504944,105.2395096,4217.040039
2023/10/24,172.1780548,136.3294373,128.5599976,138.1495056,106.0713654,4247.680176
2023/10/25,169.8550873,135.5858154,121.3899994,125.0123291,106.1584167,4186.77002
2023/10/26,165.6757202,135.9334869,119.5699997,121.6981659,106.0810318,4137.22998
2023/10/27,166.996048,131.037323,127.7399979,121.5886917,103.6435013,4117.370117
2023/10/30,169.0509949,132.7080078,132.7100067,123.8677902,104.9106293,4166.819824
2023/10/31,169.5274811,134.2917633,133.0899963,123.4896011,104.2335358,4193.799805
2023/11/1,172.7041931,134.1758881,137,125.8483353,105.7521591,4237.859863
2023/11/2,176.2780304,136.5708466,138.0700073,126.8833771,107.3384933,4317.779785
2023/11/3,175.3647003,138.0966492,138.6000061,128.4857178,107.0289612,4358.339844
2023/11/6,177.9259338,139.1396332,139.7400055,129.630249,107.2514343,4365.97998
2023/11/7,180.4971161,139.0720215,142.7100067,130.3468323,106.7484512,4378.379883
2023/11/8,181.5593262,139.7576752,142.0800018,131.2126617,106.2164459,4382.779785
2023/11/9,181.0827942,139.3424225,140.6000061,129.6203003,106.6613922,4347.350098
2023/11/10,185.2875519,141.4090424,143.5599976,131.9591064,106.6227112,4415.240234
2023/11/13,183.6970978,140.7813416,142.5899963,131.4615021,105.8682251,4411.549805
2023/11/14,186.3213654,143.3501587,145.8000031,132.9842072,107.8898392,4495.700195
2023/11/15,186.8879395,144.6055603,143.1999969,133.9794464,108.0832901,4502.879883
2023/11/16,188.5777893,146.2569275,142.8300018,136.2784424,107.2417679,4508.240234
2023/11/17,188.5579376,147.5799713,145.1799927,134.6661835,107.7060547,4514.02002
2023/11/20,190.3074036,148.033844,146.1300049,135.6016846,107.0192871,4547.379883
2023/11/21,189.502243,147.7248077,143.8999939,136.3182678,108.9635162,4538.189941
2023/11/22,190.1682281,148.072464,146.7100067,137.8310394,109.5342026,4556.620117
2023/11/24,188.8362579,148.275238,146.7400055,136.0395966,110.2112961,4559.339844
2023/11/27,188.6573181,147.9372559,147.7299957,135.7609253,110.0952225,4550.430176
2023/11/28,189.2636871,148.275238,147.0299988,136.5471802,109.4664917,4554.890137
2023/11/29,188.2398224,149.0285339,146.3200073,134.347702,109.7373276,4550.580078
2023/11/30,188.8163605,150.7281647,146.0899963,131.8993988,110.1919479,4567.799805
2023/12/1,190.0986786,151.4620972,147.0299988,131.2325745,110.1726074,4594.629883
2023/12/4,188.2994537,152.5726776,144.8399963,128.6549072,110.9947891,4569.779785
2023/12/5,192.2656708,152.5533905,146.8800049,130.3667297,109.7663498,4567.180176
2023/12/6,191.172226,150.9502716,144.5200043,129.4013367,109.9017715,4549.339844
2023/12/7,193.1105957,151.4138184,146.8800049,136.2784424,108.9441605,4585.589844
2023/12/8,194.5419922,153.0844879,147.4199982,134.347702,109.3504257,4604.370117
2023/12/11,192.0270996,153.6446075,145.8899994,132.655777,108.8667831,4622.439941
2023/12/12,193.5479584,155.0159454,147.4799957,131.8894348,109.1859818,4643.700195
2023/12/13,196.7785645,155.5373993,148.8399963,131.9392242,109.3794403,4707.089844
2023/12/14,196.9276581,158.3669586,147.4199982,131.3122101,108.8087463,4719.549805
2023/12/15,196.3908997,159.5644226,149.9700012,131.9690552,108.7120209,4719.189941
2023/12/18,194.7209015,160.5301361,154.0700073,135.1538391,109.3697662,4740.560059
2023/12/19,195.7646637,162.673996,153.7899933,135.9997711,108.5185699,4768.370117
2023/12/20,193.6672363,160.8391724,152.1199951,137.6817474,107.5029221,4698.350098
2023/12/21,193.5181274,161.7566071,153.8399963,139.7518463,109.5728912,4746.75
2023/12/22,192.4445953,161.6600037,153.4199982,140.8167725,109.7276611,4754.629883
2023/12/26,191.8978577,162.6160736,153.4100037,140.8466187,110.1629333,4774.75
2023/12/27,191.9972687,163.5914307,153.3399963,139.7020874,110.9464188,4781.580078
2023/12/28,192.4247131,164.4605865,153.3800049,139.5627441,110.9754486,4783.350098
2023/12/29,191.3809662,164.2674408,151.9400024,139.0253296,111.8459854,4769.830078
2024/1/2,184.5320892,166.1795349,149.9299927,137.512558,111.7202454,4742.830078
2024/1/3,183.1503906,165.4552612,148.4700012,138.2590027,112.7649002,4704.810059
2024/1/4,180.8243408,166.5532532,144.5700073,135.7410431,112.3586502,4688.680176
2024/1/5,180.0987091,167.3888855,145.2400055,135.0841522,112.0104294,4697.240234
2024/1/8,184.4525604,167.1459808,149.1000061,138.1793823,112.9293365,4763.540039
2024/1/9,184.03508,165.8245087,151.3699951,140.2793274,111.9040298,4756.5
2024/1/10,185.0787964,166.1743011,153.7299957,141.6030121,111.2075882,4783.450195
2024/1/11,184.4823761,165.4747162,155.1799927,141.4039612,110.1919479,4780.240234
2024/1/12,184.8104095,164.2601318,154.6199951,141.9712372,110.7432938,4783.830078
2024/1/16,182.5340729,163.2301636,153.1600037,141.8119965,110.2693329,4765.97998
2024/1/17,181.5897522,162.3556519,151.7100067,140.7968597,109.505188,4739.209961
2024/1/18,187.5042419,162.6762848,153.5,142.7973022,109.0795822,4780.939941
2024/1/19,190.4167328,165.4844055,155.3399963,145.6834869,108.5765991,4839.810059
2024/1/22,192.7328491,165.2900848,154.7799988,145.2953339,108.3154373,4850.430176
2024/1/23,194.0151367,164.2018127,156.0200043,146.3403625,106.6130371,4864.600098
2024/1/24,193.3392029,165.6690216,156.8699951,147.9924469,106.3035049,4868.549805
2024/1/25,193.0111694,168.0398865,157.75,151.1473694,107.6190033,4894.160156
2024/1/26,191.2716064,167.3985901,159.1199951,151.4658508,110.2693329,4890.970215
2024/1/29,190.5857391,167.8358612,161.2599945,152.7795715,111.7492599,4927.930176
2024/1/30,186.9177704,171.2755585,159,150.7393341,111.3816986,4924.970215
2024/1/31,183.2994843,169.4196625,155.1999969,139.4333801,110.1726074,4845.649902
2024/2/1,185.744812,168.8074951,159.2799988,140.4883423,111.265625,4906.189941
2024/2/2,184.7408295,169.7791595,171.8099976,141.7025299,110.5111542,4958.609863
2024/2/5,186.5599213,169.5556946,170.3099976,142.9963379,111.1011887,4942.810059
2024/2/6,188.1702423,170.1386871,169.1499939,143.4143372,110.6078796,4954.22998
2024/2/7,188.2795868,170.4593506,170.5299988,144.8474731,109.1086044,4995.060059
2024/2/8,187.196106,169.8472137,169.8399963,145.2157135,108.1993637,4997.910156
2024/2/9,187.9624634,170.051239,174.4499969,148.2910309,105.6941223,5026.609863
2024/2/12,186.2704468,170.8091278,172.3399963,146.8280334,106.9805984,5021.839844
2024/2/13,184.1703644,169.3224945,168.6399994,144.4493866,105.0847397,4953.169922
2024/2/14,183.2845612,171.0423279,170.9799957,145.245575,105.8682251,5000.620117
2024/2/15,182.9959412,174.7735291,169.8000031,142.0906677,107.3868484,5029.72998
2024/2/16,181.4532013,173.9573364,169.5099945,139.8513794,106.6227112,5005.569824
2024/2/20,180.7067108,174.6374969,167.0800018,140.4485168,109.0989304,4975.509766
2024/2/21,181.4631805,175.7743378,168.5899963,141.8717194,108.7120209,4981.799805
2024/2/22,183.5035095,177.8828888,174.5800018,143.4043884,103.5467758,5087.029785
2024/2/23,181.6622162,178.7767944,174.9900055,143.2750244,104.3302689,5088.799805
2024/2/26,180.308609,178.1646423,174.7299957,136.9154205,103.314621,5069.529785
2024/2/27,181.771698,178.2521057,173.5399933,138.2191925,103.111496,5078.180176
2024/2/28,180.5673828,179.1557617,173.1600037,135.7310791,101.5058212,5069.759766
2024/2/29,179.9005585,180.788147,176.7599945,137.8011932,100.5675659,5096.27002
2024/3/1,178.8156586,180.0399475,178.2200012,136.4874573,101.1962967,5137.080078
2024/3/4,174.2771149,181.3905792,177.5800018,132.7154999,100.2580414,5130.950195
2024/3/5,169.3204803,183.2076111,174.1199951,132.0387268,101.0995636,5078.649902
2024/3/6,168.3251953,184.1598358,173.5099945,130.7747498,101.8733826,5104.759766
2024/3/7,168.2057495,182.5468445,176.8200073,133.7406006,102.7922974,5157.359863
2024/3/8,169.9276123,182.8869476,175.3500061,134.765686,103.6048126,5123.689941
2024/3/11,171.9381409,182.9549561,171.9600067,137.0149384,103.7595673,5117.939941
2024/3/12,172.415863,184.4610443,175.3899994,137.8409882,103.8659668,5175.27002
2024/3/13,170.3257599,185.9574127,176.5599976,139.1248322,105.1911392,5165.310059
2024/3/14,172.1869659,182.644043,178.75,142.4191132,104.0497513,5150.47998
2024/3/15,171.8087311,184.90802,174.4199982,140.5082245,104.3496094,5117.089844
2024/3/18,172.9035797,187.2011566,174.4799957,146.9773254,102.908371,5149.419922
2024/3/19,175.2524872,188.299118,175.8999939,146.3303833,101.8153534,5178.509766
2024/3/20,177.8303223,190.7671661,178.1499939,148.0322723,102.9373856,5224.620117
2024/3/21,170.564621,193.4197998,178.1499939,146.8977203,102.2022629,5241.529785
2024/3/22,171.4703522,191.0489349,178.8699951,150.0526123,101.3897476,5234.180176
2024/3/25,170.0470734,189.2999573,179.7100067,149.3559418,101.6025543,5218.189941
2024/3/26,168.9124146,190.1841583,178.3000031,149.9530792,101.8733826,5203.580078
2024/3/27,172.4954987,193.8667755,179.8300018,150.1521149,102.5504761,5248.490234
2024/3/28,170.6741028,194.6246796,180.3800049,150.2118378,102.7245865,5254.350098
2024/4/1,169.2309113,193.3032074,180.9700012,154.7501678,102.4827652,5243.77002
2024/4/2,168.0465088,193.2254944,180.6900024,153.8245697,101.1672745,5205.810059
2024/4/3,168.8527069,192.6813354,182.4100037,154.1828461,100.7029877,5211.490234
2024/4/4,168.0266113,191.2153473,180,149.8137512,101.6605835,5147.209961
2024/4/5,168.7830353,192.9745483,185.0700073,151.7743683,99.6583252,5204.339844
2024/4/8,167.6583557,193.9812012,185.1900024,154.113205,99.61963654,5202.390137
2024/4/9,168.8726044,192.6813354,185.6699982,155.8548584,100.2386932,5209.910156
2024/4/10,166.9914856,191.0394287,185.9499969,155.3970642,99.29076385,5160.640137
2024/4/11,174.2173615,191.0003357,189.0500031,158.6514893,100.0162201,5199.060059
2024/4/12,175.7202759,178.6468201,186.1300049,156.9794922,98.36218262,5123.410156
2024/4/15,171.878418,178.7445526,183.6199951,154.1231537,97.64639282,5061.819824
2024/4/16,168.5839844,176.7019348,183.3200073,153.6653137,97.53032684,5051.410156
2024/4/17,167.2104645,175.9982758,181.2799988,154.7302399,99.3681488,5022.209961
2024/4/18,166.2549591,177.1417542,179.2200012,155.2676849,98.61367035,5011.120117
2024/4/19,164.2245483,181.5886078,174.6300049,153.3568115,100.7320023,4967.22998
2024/4/22,165.0606232,185.1167908,177.2299957,155.5363922,102.9000015,5010.600098
2024/4/23,166.1156158,187.7849121,179.5399933,157.5069733,103.0100021,5070.549805
2024/4/24,168.2256775,188.703598,176.5899963,158.3728333,103.0299988,5071.629883
2024/4/25,169.091568,188.9870148,173.6699982,155.2577209,101.4300003,5048.419922
2024/4/26,168.5043488,189.1043091,179.6199951,171.1318207,101.3399963,5099.959961
2024/4/29,172.6846161,188.8990631,180.9600067,165.3594208,101.6100006,5116.169922
2024/4/30,169.5295258,187.3939819,175,162.0054626,100.5999985,5035.689941
2024/5/1,168.5043488,187.5112457,179,163.0803223,99.65000153,5018.390137
2024/5/2,172.2168274,187.3157654,184.7200012,165.8271942,101.1399994,5064.200195
2024/5/3,182.5181732,186.1918488,186.2100067,166.4442444,101.1999969,5127.790039
2024/5/6,180.8560486,187.6480713,188.6999969,167.3001556,100.5999985,5180.740234
2024/5/7,181.5427856,187.4037476,188.7599945,170.4351501,101.1999969,5187.700195
2024/5/8,181.8811798,191.2153473,188,168.5740509,103.5400009,5187.669922
2024/5/9,183.7026062,193.023407,189.5,169.1513062,104.4400024,5214.080078
2024/5/10,182.4368439,194.2646332,187.4799957,167.8475189,105.0500031,5222.680176
2024/5/13,185.6560211,194.2255249,186.5700073,168.3351898,104.3899994,5221.419922
2024/5/14,186.8021698,196.9424896,187.0700073,169.52948,104.2799988,5246.680176
2024/5/15,189.0845184,197.5289154,185.9900055,171.6891479,105.4899979,5308.149902
2024/5/16,189.2041016,197.8807526,183.6300049,173.3512115,105.4700012,5297.100098
2024/5/17,189.2339935,200.1481628,184.6999969,175.2222748,105.8000031,5303.27002
2024/5/20,190.4000854,191.1469269,183.5399933,176.0781708,105.8700027,5308.129883
2024/5/21,191.7057037,194.9976196,183.1499939,177.0037689,104.6699982,5321.410156
2024/5/22,190.2605438,193.8150482,183.1300049,175.5407562,103.9400024,5307.009766
2024/5/23,186.2540131,192.4565582,181.0500031,172.7242126,101.4899979,5267.839844
2024/5/24,189.3436279,196.1606598,180.75,174.1573639,101.1500015,5304.720215
2024/5/28,189.3535919,194.9780731,182.1499939,175.5606384,100.5100021,5306.040039
2024/5/29,189.6525879,193.6195831,182.0200043,175.0630188,99.69000244,5266.950195
2024/5/30,190.6492462,194.8119354,179.3200073,171.2910614,103.8399963,5235.47998
2024/5/31,191.6060181,198.0371246,176.4400024,171.6791992,106.3000031,5277.509766
2024/6/3,193.3800659,197.2454987,178.3399963,172.3460236,107.5,5283.399902
2024/6/4,193.6990051,194.6457977,179.3399963,172.9630585,109.9000015,5291.339844
2024/6/5,195.2138977,192.7888489,181.2799988,174.5753632,109.4100037,5354.029785
2024/6/6,193.8285522,192.4467773,185,175.8890839,110.3099976,5352.959961
2024/6/7,196.2304688,195.4178925,184.3000031,173.6298828,109.0100021,5346.990234
2024/6/10,192.473114,195.0855865,187.0599976,174.3771515,106.8000031,5360.790039
2024/6/11,206.4561005,189.9545746,187.2299957,175.9813385,105.2200012,5375.319824
2024/6/12,212.3562927,187.1887207,186.8899994,177.14711,105.8300018,5421.029785
2024/6/13,213.5223846,189.270462,183.8300018,174.5266266,106.6299973,5433.740234
2024/6/14,211.778244,189.3877258,183.6600037,176.1507416,106.75,5431.600098
2024/6/17,215.9442291,190.5605164,184.0599976,176.5991211,106.9599991,5473.22998
2024/6/18,213.5721893,192.5347443,182.8099976,174.4568634,107.2200012,5487.029785
2024/6/20,208.9776459,194.1669006,186.1000061,175.6624908,106.1999969,5473.169922
2024/6/21,206.7949829,191.8506165,189.0800018,178.9804688,104.9199982,5464.620117
2024/6/24,207.4427948,194.3721313,185.5700073,178.5719452,105.8799973,5447.870117
2024/6/25,208.3696899,193.5804901,186.3399963,183.3645477,105.2600021,5469.299805
2024/6/26,212.5356903,192.9549866,193.6100006,183.2151031,103.5599976,5477.899902
2024/6/27,213.382843,194.6555481,197.8500061,184.739563,102.4800034,5482.870117
2024/6/28,209.9144745,197.6755066,193.25,181.491333,102.4499969,5460.47998
2024/7/1,216.0239563,200.7932129,197.1999969,182.3283081,101.4599991,5475.089844
2024/7/2,219.5321655,204.0966187,200,184.5701904,102.3899994,5509.009766
2024/7/3,220.8078766,203.9597778,197.5899963,185.1480713,102.7399979,5537.02002
2024/7/5,225.5818329,201.2572021,200,189.9108124,103.5699997,5567.189941
2024/7/8,227.0568848,201.630661,199.2899933,188.3464661,103.1900024,5572.850098
2024/7/9,227.9139862,204.048233,199.3399963,188.2966461,102.9400024,5576.97998
2024/7/10,232.199585,204.2152863,199.7899933,190.488678,103.5400009,5633.910156
2024/7/11,226.807724,203.8713226,195.0500031,184.8989868,104.1699982,5584.540039
2024/7/12,229.7677612,201.4046173,194.4900055,184.4008026,105.6100006,5615.350098
2024/7/15,233.6148376,206.4264832,192.7200012,185.8555145,103.75,5631.220215
2024/7/16,234.033432,209.9348907,193.0200043,183.2549438,103.6600037,5667.200195
2024/7/17,228.113327,213.1288147,187.9299927,180.3654327,105.9199982,5588.27002
2024/7/18,223.4290619,206.3576813,183.75,177.0474854,105.8300018,5544.589844
2024/7/19,223.5586243,206.1611328,183.1300049,177.0175781,104.9700012,5505
2024/7/22,223.2098236,206.6524963,182.5500031,181.0130768,106.5999985,5564.410156
2024/7/23,224.2562866,206.7016449,186.4100037,181.1326447,105.0999985,5555.740234
2024/7/24,217.8079681,204.9916534,180.8300018,172.0057831,104.7600021,5427.129883
2024/7/25,216.7614899,205.0702667,179.8500061,166.6751251,100.0100021,5399.220215
2024/7/26,217.2299194,208.5787048,182.5,166.3961334,99.63999939,5459.100098
2024/7/29,217.5089722,207.212677,183.1999969,168.9169922,99.20999908,5463.540039
2024/7/30,218.0670929,211.4778137,181.7100067,169.6742249,100.1299973,5436.439941
2024/7/31,221.3361053,209.1290436,186.9799957,170.919693,100.9899979,5522.299805
2024/8/1,217.6285553,204.3725433,184.0700073,170.1425323,100.8799973,5446.680176
2024/8/2,219.1235504,195.7046814,167.8999939,166.057373,104.3499985,5346.560059
2024/8/5,208.5690308,191.5378113,161.0200043,158.6741638,102.2600021,5186.330078
2024/8/6,206.5358582,196.8839722,161.9299927,157.7176361,102.6500015,5240.029785
2024/8/7,209.1171722,196.9429321,162.7700043,158.3652802,102.8799973,5199.5
2024/8/8,212.5954895,200.5398102,165.8000031,161.4441071,102.8899994,5319.310059
2024/8/9,215.515686,202.2498016,166.9400024,163.0781708,102.8099976,5344.160156
2024/8/12,217.0522919,202.6330719,166.8000031,161.7031555,102.0100021,5344.390137
2024/8/13,220.7840729,204.3528748,170.2299957,163.566391,102.5500031,5434.430176
2024/8/14,221.2330933,206.613205,170.1000061,159.7900848,103.1999969,5455.209961
2024/8/15,224.2265015,207.9006195,177.5899963,160.7167664,102.3399963,5543.220215
2024/8/16,225.5535889,210.2788696,177.0599976,162.3707581,103.2399979,5554.25
2024/8/19,225.3939362,211.7333221,178.2200012,166.067337,103.9700012,5608.25
2024/8/20,226.0125732,210.8193665,178.8800049,166.57547,104.3499985,5597.120117
2024/8/21,225.9028015,210.897995,180.1100006,165.2502899,104.7900009,5620.850098
2024/8/22,224.0369263,212.8929596,176.1300049,163.2077026,99.52999878,5570.640137
2024/8/23,226.3418427,214.5439758,177.0399933,165.0211334,105.1699982,5634.609863
2024/8/26,226.6810913,215.3891602,175.5,165.5591736,105.5199966,5616.839844
2024/8/27,227.5292206,216.3817139,173.1199951,164.0845032,106.5999985,5625.799805
2024/8/28,225.9926147,217.47258,170.8000031,162.2611389,106.6999969,5592.180176
2024/8/29,229.2853699,218.376709,172.1199951,161.1950073,107.4400024,5591.959961
2024/8/30,228.4971008,220.9220276,178.5,162.7892303,106.9199982,5648.399902
2024/9/3,222.280777,216.499649,176.25,156.7909851,107.25,5528.930176
2024/9/4,220.3650055,215.5463867,173.3300018,155.8842773,105.2799988,5520.069824
2024/9/5,221.8916321,213.8757172,177.8899994,156.6714325,104.5999985,5503.410156
2024/9/6,220.335083,208.7949066,171.3899994,150.3742676,104.0199966,5408.419922
2024/9/9,220.4248657,213.0698547,175.3999939,148.3688812,103.5599976,5471.049805
2024/9/10,219.6266327,202.0139313,179.5500031,148.3190002,104.6200027,5495.52002
2024/9/11,222.1710205,203.6551056,184.5200043,150.8132629,103.4300003,5554.129883
2024/9/12,222.280777,203.0359802,187,154.3351746,103.4899979,5595.759766
2024/9/13,222.0113831,200.7953339,186.4900055,157.0988312,103.1299973,5626.02002
2024/9/16,215.8449554,204.2742615,184.8899994,157.6974335,102.7900009,5633.089844
2024/9/17,216.3139038,205.640274,186.8800049,158.9545593,101.8600006,5634.580078
2024/9/18,220.2053528,203.9499359,186.4299927,159.4434357,101.2200012,5618.259766
2024/9/19,228.3673859,206.8490448,189.8699951,161.7680817,100.7900009,5713.640137
2024/9/20,227.6988525,207.4485321,191.6000061,163.2147522,97.09999847,5702.549805
2024/9/23,225.9726563,207.7924957,193.8800049,161.4787445,97.76999664,5718.569824
2024/9/24,226.8706818,207.9399109,193.9600067,161.9177246,99.37000275,5732.930176
2024/9/25,225.872879,206.5640717,192.5299988,161.1195679,98.90000153,5722.259766
2024/9/26,227.0203552,206.1611328,191.1600037,162.35672,100.6399994,5745.370117
2024/9/27,227.2897491,206.8687134,187.9700012,163.5739288,100.9400024,5738.169922
2024/9/30,232.488327,207.2225037,186.3300018,165.469574,100.6699982,5762.47998
2024/10/1,225.7132416,203.468399,185.1300049,166.6069641,100.4700012,5708.75
2024/10/2,226.2819824,203.7140808,184.7599945,165.4795532,100.0599976,5709.540039
2024/10/3,225.174408,201.689621,181.9600067,165.4795532,98.75,5699.939941
2024/10/4,226.3019409,208.8483276,186.5099945,166.6768036,98.09999847,5751.069824
2024/10/7,221.2031555,208.5615692,180.8000031,162.6061554,97.48000336,5695.939941
2024/10/8,225.2742004,208.383606,182.7200012,164.0029449,97,5751.129883
2024/10/9,229.0359192,211.0236206,185.1699982,161.4887238,97.47000122,5792.040039
2024/10/10,228.5370178,210.4501343,186.6499939,161.7082214,97.58999634,5780.049805
2024/10/11,227.050293,219.7940216,188.8200073,162.8655548,98.01000214,5815.029785
2024/10/14,230.7920532,218.9931183,187.5399933,164.5816193,97.66999817,5859.850098
2024/10/15,233.3364563,219.8929138,187.6900024,165.0804749,97.31999969,5815.259766
2024/10/16,231.2709961,221.1288757,186.8899994,164.7811584,96.76000214,5842.470215
2024/10/17,231.6401825,221.9001007,187.5299988,162.5562592,98.81999969,5841.470215
2024/10/18,234.4839172,222.8394318,188.9900055,163.0451508,99.18000031,5864.669922
2024/10/21,235.9606781,220.496048,189.0700073,163.6936646,99.65000153,5853.97998
2024/10/22,235.342041,221.6034698,189.6999969,164.7612,98.47000122,5851.200195
2024/10/23,230.2532349,220.9014587,184.7100067,162.4066162,98.33999634,5797.419922
2024/10/24,230.0636749,222.4538116,186.3800049,162.3467407,97.73000336,5809.859863
2024/10/25,230.9018097,219.813797,187.8300018,164.8908997,97.36000061,5808.120117
2024/10/28,232.8874359,222.9679718,188.3899994,166.3375702,97.55000305,5823.52002
2024/10/29,233.1568451,220.397171,190.8300018,169.2907715,95.61000061,5832.919922
2024/10/30,229.5946808,221.890213,192.7299957,174.0598145,94.94000244,5813.669922
2024/10/31,225.4138947,219.4281769,186.3999939,170.717514,94.51999664,5705.450195
2024/11/1,222.4204712,220.4367218,197.9299927,170.8970795,94.86000061,5728.799805
2024/11/4,221.5224457,217.3121948,195.7799988,168.8517914,94.56999969,5712.689941
2024/11/5,222.9592896,219.0030212,199.5,169.3506622,93.44999695,5782.759766
2024/11/6,222.230896,244.2858887,207.0899963,176.1051178,90.98000336,5929.040039
2024/11/7,226.9804382,233.7258301,210.0500031,180.3354034,90.87000275,5973.100098
2024/11/8,226.7107391,234.3190765,208.1799927,177.9409027,90.45999908,5995.540039
2024/11/11,223.9837341,236.6031342,206.8399963,179.9363251,89.54000092,6001.350098
2024/11/12,223.9837341,236.8701172,208.9100037,181.2033844,88.5,5983.990234
2024/11/13,224.872757,238.4521484,214.1000061,178.469696,87.65000153,5985.379883
2024/11/14,227.9693604,239.1541748,211.4799957,175.1772461,87.91000366,5949.169922
2024/11/15,224.7528839,242.5555573,202.6100006,172.0943451,87.16000366,5870.620117
2024/11/18,227.769577,242.2786865,201.6999969,174.8978882,88.58999634,5893.620117
2024/11/19,228.0292816,240.3604736,204.6100006,177.7114258,87.12000275,5916.97998
2024/11/20,228.7484894,238.076416,202.8800049,175.5763245,86.87000275,5917.109863
2024/11/21,228.2690277,242.0117188,198.3800049,167.2454987,85.68000031,5948.709961
2024/11/22,229.6175385,245.7591705,197.1199951,164.3820648,85.08000183,5969.339844
2024/11/25,232.6142426,247.4796295,201.4499969,167.2654266,85.33999634,5987.370117
2024/11/26,234.8018341,247.1632233,207.8600006,168.7320709,85.30999756,6021.629883
2024/11/27,234.6719818,246.9852295,205.7400055,168.8418121,86.36000061,5998.740234
2024/11/29,237.0693512,246.9160309,207.8899994,168.5624542,86.77999878,6032.379883
2024/12/2,239.3268585,243.4849854,210.7100067,171.0966339,86.62000275,6047.149902
2024/12/3,242.3834991,242.0710602,213.4400024,170.9469604,86.02999878,6049.879883
2024/12/4,242.743103,240.6669922,218.1600037,173.9700165,86.16000366,6086.490234
2024/12/5,242.7730713,242.7236328,220.5500031,172.243988,86.06999969,6075.109863
2024/12/6,242.573288,244.5825195,227.0299988,174.3092651,85.80000305,6090.27002
2024/12/9,246.4790039,241.0723877,226.0899963,175.1682587,85.65000153,6052.850098
2024/12/10,247.497879,240.1330566,225.0399933,184.9569855,84.04000092,6034.910156
2024/12/11,246.2192841,240.7955322,230.2599945,195.1752167,84.27999878,6084.189941
2024/12/12,247.6876831,238.8179779,228.9700012,191.7391815,83.68000031,6051.25
2024/12/13,247.8574829,237.2458496,227.4600067,189.6016388,83.80999756,6051.089844
2024/12/16,250.7642822,236.8898926,232.9299927,196.4337769,82.75,6074.080078
2024/12/17,253.2015991,235.6835938,231.1499939,195.1951904,83.75,6050.609863
2024/12/18,247.7775726,227.7832947,220.5200043,188.1832581,81.48000336,5872.160156
2024/12/19,249.5156555,230.344223,223.2899933,188.2931366,82.08000183,5867.080078
2024/12/20,254.2105103,234.9321289,224.9199982,191.1898041,82.33999634,5930.850098
2024/12/23,254.9896545,235.7132568,225.0599976,194.4061127,82.30000305,5974.069824
2024/12/24,257.9164429,239.5892334,229.0500031,195.8843994,82.34999847,6040.040039
2024/12/26,258.7355042,240.4099121,227.0500031,195.375,82.48000336,6037.589844
2024/12/27,255.3092957,238.4620361,223.75,192.5382538,82.48000336,5970.839844
2024/12/30,251.9230194,236.6328125,221.3000031,191.0200043,82.27999878,5906.939941
